{
    "easycom": {
    	"^z-(.*)": "@zebra-ui/swiper/components/z-$1/z-$1.vue"
    },
	"pages": [{
		"path": "pages/login/login",
		"style": {
			"navigationBarBackgroundColor": "#82A39D",
			"navigationBarTextStyle": "white",
			"navigationBarTitleText": "登录"
		}
	}, {
		"path": "pages/register/register",
		"style": {
			"navigationBarBackgroundColor": "#82A39D",
			"navigationBarTextStyle": "white",
			"navigationBarTitleText": "注册"
		}
	}, {
		"path": "pages/forget/forget",
		"style": {
			"navigationBarBackgroundColor": "#82A39D",
			"navigationBarTextStyle": "white",
			"navigationBarTitleText": "忘记密码"
		}
	}, {
		"path": "pages/center/center",
		"style": {
			"navigationBarBackgroundColor": "#82A39D",
			"navigationBarTextStyle": "white",
			"navigationBarTitleText": "我的"
		}
	}, {
		"path": "pages/user-info/user-info",
		"style": {
			"navigationBarBackgroundColor": "#82A39D",
			"navigationBarTextStyle": "white",
			"navigationBarTitleText": "用户信息"
		}
	}
	, {
		"path": "pages/chat/chat",
		"style": {
			"navigationBarTitleText": "在线咨询"
		}
	}
	, {
		"path": "pages/news-detail/news-detail",
		"style": {
			"navigationBarBackgroundColor": "#82A39D",
			"navigationBarTextStyle": "white",
			"navigationBarTitleText": "资讯详情"
		}
	}
	,{
		"path": "pages/yonghu/list",
		"style": {
			"navigationBarBackgroundColor": "#82A39D",
			"navigationBarTextStyle": "white"
		}
	},{
		"path": "pages/yonghu/add-or-update",
		"style": {
			"navigationBarBackgroundColor": "#82A39D",
			"navigationBarTextStyle": "white"
		}
	},{
		"path": "pages/yonghu/detail",
		"style": {
			"navigationBarBackgroundColor": "#82A39D",
			"navigationBarTextStyle": "white"
		}
	}
	,{
		"path": "pages/jiankangfenxishi/list",
		"style": {
			"navigationBarBackgroundColor": "#82A39D",
			"navigationBarTextStyle": "white"
		}
	},{
		"path": "pages/jiankangfenxishi/add-or-update",
		"style": {
			"navigationBarBackgroundColor": "#82A39D",
			"navigationBarTextStyle": "white"
		}
	},{
		"path": "pages/jiankangfenxishi/detail",
		"style": {
			"navigationBarBackgroundColor": "#82A39D",
			"navigationBarTextStyle": "white"
		}
	}
	,{
		"path": "pages/jiankangshouce/list",
		"style": {
			"navigationBarBackgroundColor": "#82A39D",
			"navigationBarTextStyle": "white"
		}
	},{
		"path": "pages/jiankangshouce/add-or-update",
		"style": {
			"navigationBarBackgroundColor": "#82A39D",
			"navigationBarTextStyle": "white"
		}
	},{
		"path": "pages/jiankangshouce/detail",
		"style": {
			"navigationBarBackgroundColor": "#82A39D",
			"navigationBarTextStyle": "white"
		}
	}
	,{
		"path": "pages/jiankangyinshi/list",
		"style": {
			"navigationBarBackgroundColor": "#82A39D",
			"navigationBarTextStyle": "white"
		}
	},{
		"path": "pages/jiankangyinshi/add-or-update",
		"style": {
			"navigationBarBackgroundColor": "#82A39D",
			"navigationBarTextStyle": "white"
		}
	},{
		"path": "pages/jiankangyinshi/detail",
		"style": {
			"navigationBarBackgroundColor": "#82A39D",
			"navigationBarTextStyle": "white"
		}
	}
	,{
		"path": "pages/yundongjihua/list",
		"style": {
			"navigationBarBackgroundColor": "#82A39D",
			"navigationBarTextStyle": "white"
		}
	},{
		"path": "pages/yundongjihua/add-or-update",
		"style": {
			"navigationBarBackgroundColor": "#82A39D",
			"navigationBarTextStyle": "white"
		}
	},{
		"path": "pages/yundongjihua/detail",
		"style": {
			"navigationBarBackgroundColor": "#82A39D",
			"navigationBarTextStyle": "white"
		}
	}
	,{
		"path": "pages/news/list",
		"style": {
			"navigationBarBackgroundColor": "#82A39D",
			"navigationBarTextStyle": "white"
		}
	},{
		"path": "pages/news/add-or-update",
		"style": {
			"navigationBarBackgroundColor": "#82A39D",
			"navigationBarTextStyle": "white"
		}
	},{
		"path": "pages/news/detail",
		"style": {
			"navigationBarBackgroundColor": "#82A39D",
			"navigationBarTextStyle": "white"
		}
	}
	, {
		"path": "pages/index/index",
		"style": {
			"navigationBarBackgroundColor": "#82A39D",
			"navigationBarTextStyle": "white",
			"navigationBarTitleText": "首页"
		}
	}
	],
	"globalStyle": {
		"navigationBarTextStyle": "black",
		"navigationBarTitleText": "个人健康信息管理小程序",
		"navigationBarBackgroundColor": "#F8F8F8",
		"backgroundColor": "#F8F8F8"
	},
	"tabBar": {
		"color": "#000000",
		"selectedColor": "#82A39D",
		"borderStyle": "white",
		"backgroundColor": "#FFFFFF",
		"list": [{
				"pagePath": "pages/index/index",
				"iconPath": "static/tabs/index.png",
				"selectedIconPath": "static/tabs/index1.png",
				"text": "首页"
			}
			

			,{
				"pagePath": "pages/jiankangshouce/list",
				"iconPath": "/static/tabs/icon1.png",
				"selectedIconPath": "/static/tabs/icon1_act.png",
				"text": "健康手册"
			}
			,{
				"pagePath": "pages/jiankangyinshi/list",
				"iconPath": "/static/tabs/icon2.png",
				"selectedIconPath": "/static/tabs/icon2_act.png",
				"text": "健康饮食"
			}

			,{
			 	"pagePath": "pages/news/list",
				"iconPath": "static/tabs/news.png",
			 	"selectedIconPath": "static/tabs/news_act.png",
				"text": "通知公告"
			}





			,{
				"pagePath": "pages/center/center",
				"iconPath": "static/tabs/mine.png",
				"selectedIconPath": "static/tabs/mine1.png",
				"text": "我的"
			}
		]
	}
}
